date,BTC-USD,fng_value,confidence
2021-01-01,29374.15234375,94,0.7863
2021-01-02,32127.267578125,94,0.7993
2021-01-03,32782.0234375,93,0.823
2021-01-04,31971.9140625,94,0.8367
2021-01-05,33992.4296875,93,0.8295
2021-01-06,36824.36328125,95,0.8526
2021-01-07,39371.04296875,91,0.8711
2021-01-08,40797.609375,93,0.8878
2021-01-09,40254.546875,93,0.8999
2021-01-10,38356.44140625,94,0.9063
2021-01-11,35566.65625,90,0.8856
2021-01-12,33922.9609375,84,0.8682
2021-01-13,37316.359375,78,0.8617
2021-01-14,39187.328125,83,0.8768
2021-01-15,36825.3671875,88,0.8876
2021-01-16,36178.140625,84,0.8701
2021-01-17,35791.27734375,79,0.8531
2021-01-18,36630.07421875,79,0.8537
2021-01-19,36069.8046875,80,0.8537
2021-01-20,35547.75,78,0.8532
2021-01-21,30825.69921875,75,0.8361
2021-01-22,33005.76171875,40,0.8109
2021-01-23,32067.642578125,74,0.8182
2021-01-24,32289.37890625,70,0.8112
2021-01-25,32366.392578125,74,0.8116
2021-01-26,32569.849609375,71,0.8177
2021-01-27,30432.546875,78,0.8036
2021-01-28,33466.09765625,55,0.7854
2021-01-29,34316.38671875,77,0.809
2021-01-30,34269.5234375,76,0.8168
2021-01-31,33114.359375,78,0.8178
2021-02-01,33537.17578125,77,0.8037
2021-02-02,35510.2890625,76,0.8213
2021-02-03,37472.08984375,78,0.831
2021-02-04,36926.06640625,80,0.8533
2021-02-05,38144.30859375,81,0.8588
2021-02-06,39266.01171875,84,0.8643
2021-02-07,38903.44140625,86,0.8654
2021-02-08,46196.46484375,83,0.8724
2021-02-09,46481.10546875,95,0.9081
2021-02-10,44918.18359375,92,0.9251
2021-02-11,47909.33203125,93,0.9172
2021-02-12,47504.8515625,92,0.9331
2021-02-13,47105.515625,92,0.9384
2021-02-14,48717.2890625,95,0.9352
2021-02-15,47945.05859375,93,0.944
2021-02-16,49199.87109375,95,0.9342
2021-02-17,52149.0078125,95,0.9442
2021-02-18,51679.796875,91,0.9547
2021-02-19,55888.1328125,93,0.957
2021-02-20,56099.51953125,91,0.9684
2021-02-21,57539.9453125,91,0.9754
2021-02-22,54207.3203125,94,0.9769
2021-02-23,48824.42578125,94,0.9669
2021-02-24,49705.33203125,76,0.9558
2021-02-25,47093.8515625,79,0.9533
2021-02-26,46339.76171875,55,0.9351
2021-02-27,46188.453125,56,0.9314
2021-02-28,45137.76953125,55,0.9188
2021-03-01,49631.2421875,38,0.9222
2021-03-02,48378.98828125,78,0.9373
2021-03-03,50538.2421875,78,0.9375
2021-03-04,48561.16796875,84,0.9295
2021-03-05,48927.3046875,77,0.9271
2021-03-06,48912.3828125,77,0.927
2021-03-07,51206.69140625,76,0.9206
2021-03-08,52246.5234375,81,0.9366
2021-03-09,54824.1171875,81,0.9402
2021-03-10,56008.55078125,68,0.9532
2021-03-11,57805.12109375,73,0.9555
2021-03-12,57332.08984375,70,0.9669
2021-03-13,61243.0859375,74,0.9662
2021-03-14,59302.31640625,78,0.9785
2021-03-15,55907.19921875,76,0.98
2021-03-16,56804.90234375,71,0.9695
2021-03-17,58870.89453125,71,0.9706
2021-03-18,57858.921875,72,0.9787
2021-03-19,58346.65234375,71,0.9731
2021-03-20,58313.64453125,75,0.9715
2021-03-21,57523.421875,73,0.9696
2021-03-22,54529.14453125,70,0.9656
2021-03-23,54738.9453125,66,0.9545
2021-03-24,52774.265625,65,0.9449
2021-03-25,51704.16015625,60,0.9384
2021-03-26,55137.3125,54,0.9326
2021-03-27,55973.51171875,65,0.9531
2021-03-28,55950.74609375,74,0.9584
2021-03-29,57750.19921875,72,0.9547
2021-03-30,58917.69140625,72,0.9594
2021-03-31,58918.83203125,76,0.9607
2021-04-01,59095.80859375,74,0.9563
2021-04-02,59384.3125,74,0.9569
2021-04-03,57603.890625,73,0.9521
2021-04-04,58758.5546875,74,0.949
2021-04-05,59057.87890625,71,0.9573
2021-04-06,58192.359375,75,0.9547
2021-04-07,56048.9375,72,0.9602
2021-04-08,58323.953125,73,0.9434
2021-04-09,58245.00390625,70,0.9537
2021-04-10,59793.234375,70,0.9556
2021-04-11,60204.96484375,76,0.9579
2021-04-12,59893.453125,74,0.9604
2021-04-13,63503.45703125,74,0.9615
2021-04-14,63109.6953125,75,0.9617
2021-04-15,63314.01171875,79,0.9733
2021-04-16,61572.7890625,78,0.9498
2021-04-17,60683.8203125,76,0.9379
2021-04-18,56216.18359375,79,0.9438
2021-04-19,55724.265625,74,0.9205
2021-04-20,56473.03125,73,0.9294
2021-04-21,53906.08984375,73,0.9169
2021-04-22,51762.2734375,65,0.9214
2021-04-23,51093.65234375,55,0.9043
2021-04-24,50050.8671875,37,0.8999
2021-04-25,49004.25390625,31,0.8859
2021-04-26,54021.75390625,27,0.8693
2021-04-27,55033.1171875,50,0.8992
2021-04-28,54824.703125,59,0.9044
2021-04-29,53555.109375,52,0.8909
2021-04-30,57750.17578125,51,0.8988
2021-05-01,57828.05078125,68,0.9092
2021-05-02,56631.078125,66,0.9212
2021-05-03,57200.29296875,61,0.9218
2021-05-04,53333.5390625,68,0.9207
2021-05-05,57424.0078125,48,0.9018
2021-05-06,56396.515625,65,0.9144
2021-05-07,57356.40234375,64,0.9163
2021-05-08,58803.77734375,67,0.9217
2021-05-09,58232.31640625,73,0.9283
2021-05-10,55859.796875,72,0.9258
2021-05-11,56704.57421875,61,0.9108
2021-05-12,49150.53515625,68,0.9108
2021-05-13,49716.19140625,31,0.8751
2021-05-14,49880.53515625,26,0.8634
2021-05-15,46760.1875,27,0.8533
2021-05-16,46456.05859375,20,0.8415
2021-05-17,43537.51171875,27,0.8236
2021-05-18,42909.40234375,21,0.8008
2021-05-19,37002.44140625,23,0.7875
2021-05-20,40782.73828125,11,0.7528
2021-05-21,37304.69140625,19,0.7643
2021-05-22,37536.6328125,12,0.7464
2021-05-23,34770.58203125,14,0.7369
2021-05-24,38705.98046875,10,0.728
2021-05-25,38402.22265625,22,0.7446
2021-05-26,39294.19921875,22,0.739
2021-05-27,38436.96875,27,0.7435
2021-05-28,35697.60546875,21,0.7228
2021-05-29,34616.06640625,18,0.7022
2021-05-30,35678.12890625,10,0.6957
2021-05-31,37332.85546875,18,0.7075
2021-06-01,36684.92578125,20,0.7159
2021-06-02,37575.1796875,23,0.7257
2021-06-03,39208.765625,24,0.7223
2021-06-04,36894.40625,27,0.7188
2021-06-05,35551.95703125,24,0.7018
2021-06-06,35862.37890625,17,0.6983
2021-06-07,33560.70703125,15,0.6905
2021-06-08,33472.6328125,13,0.6803
2021-06-09,37345.12109375,14,0.673
2021-06-10,36702.59765625,21,0.6954
2021-06-11,37334.3984375,21,0.6845
2021-06-12,35552.515625,28,0.694
2021-06-13,39097.859375,23,0.6896
2021-06-14,40218.4765625,28,0.7061
2021-06-15,40406.26953125,38,0.7186
2021-06-16,38347.0625,33,0.72
2021-06-17,38053.50390625,26,0.71
2021-06-18,35787.24609375,25,0.6973
2021-06-19,35615.87109375,23,0.6683
2021-06-20,35698.296875,21,0.6695
2021-06-21,31676.693359375,23,0.6648
2021-06-22,32505.66015625,10,0.631
2021-06-23,33723.02734375,14,0.6282
2021-06-24,34662.4375,22,0.6432
2021-06-25,31637.779296875,27,0.6453
2021-06-26,32186.27734375,20,0.6202
2021-06-27,34649.64453125,22,0.6018
2021-06-28,34434.3359375,25,0.6306
2021-06-29,35867.77734375,25,0.6385
2021-06-30,35040.8359375,28,0.6464
2021-07-01,33572.1171875,28,0.6475
2021-07-02,33897.046875,21,0.6256
2021-07-03,34668.546875,24,0.6396
2021-07-04,35287.78125,27,0.6457
2021-07-05,33746.00390625,29,0.6552
2021-07-06,34235.1953125,20,0.6509
2021-07-07,33855.328125,28,0.6383
2021-07-08,32877.37109375,20,0.6361
2021-07-09,33798.01171875,20,0.6287
2021-07-10,33520.51953125,20,0.641
2021-07-11,34240.1875,20,0.628
2021-07-12,33155.84765625,25,0.6258
2021-07-13,32702.025390625,20,0.6236
2021-07-14,32822.34765625,21,0.6315
2021-07-15,31780.73046875,20,0.61
2021-07-16,31421.5390625,22,0.614
2021-07-17,31533.068359375,15,0.607
2021-07-18,31796.810546875,19,0.611
2021-07-19,30817.83203125,24,0.6168
2021-07-20,29807.34765625,19,0.5878
2021-07-21,32110.693359375,10,0.5921
2021-07-22,32313.10546875,21,0.6066
2021-07-23,33581.55078125,23,0.6004
2021-07-24,34292.4453125,22,0.6209
2021-07-25,35350.1875,27,0.6263
2021-07-26,37337.53515625,26,0.6344
2021-07-27,39406.94140625,32,0.6585
2021-07-28,39995.90625,50,0.6813
2021-07-29,40008.421875,50,0.6911
2021-07-30,42235.546875,53,0.7034
2021-07-31,41626.1953125,60,0.7107
2021-08-01,39974.89453125,60,0.7089
2021-08-02,39201.9453125,48,0.6976
2021-08-03,38152.98046875,48,0.6987
2021-08-04,39747.50390625,42,0.6771
2021-08-05,40869.5546875,50,0.6895
2021-08-06,42816.5,52,0.6938
2021-08-07,44555.80078125,69,0.7091
2021-08-08,43798.1171875,74,0.7119
2021-08-09,46365.40234375,65,0.7097
2021-08-10,45585.03125,71,0.7241
2021-08-11,45593.63671875,70,0.7186
2021-08-12,44428.2890625,70,0.72
2021-08-13,47793.3203125,70,0.7183
2021-08-14,47096.9453125,76,0.7399
2021-08-15,47047.00390625,71,0.7454
2021-08-16,46004.484375,72,0.737
2021-08-17,44695.359375,72,0.7303
2021-08-18,44801.1875,73,0.7079
2021-08-19,46717.578125,70,0.7139
2021-08-20,49339.17578125,70,0.7325
2021-08-21,48905.4921875,78,0.7469
2021-08-22,49321.65234375,76,0.7452
2021-08-23,49546.1484375,79,0.7546
2021-08-24,47706.1171875,79,0.737
2021-08-25,48960.7890625,73,0.7325
2021-08-26,46942.21875,75,0.7323
2021-08-27,49058.66796875,71,0.7338
2021-08-28,48902.40234375,78,0.7363
2021-08-29,48829.83203125,72,0.7417
2021-08-30,47054.984375,73,0.7303
2021-08-31,47166.6875,73,0.7222
2021-09-01,48847.02734375,71,0.7191
2021-09-02,49327.72265625,74,0.7292
2021-09-03,50025.375,74,0.7361
2021-09-04,49944.625,72,0.7419
2021-09-05,51753.41015625,73,0.7477
2021-09-06,52633.53515625,79,0.7555
2021-09-07,46811.12890625,79,0.7467
2021-09-08,46091.390625,47,0.7197
2021-09-09,46391.421875,45,0.708
2021-09-10,44883.91015625,46,0.7077
2021-09-11,45201.45703125,31,0.7038
2021-09-12,46063.26953125,32,0.7052
2021-09-13,44963.07421875,44,0.7126
2021-09-14,47092.4921875,30,0.7051
2021-09-15,48176.34765625,49,0.7011
2021-09-16,47783.359375,53,0.706
2021-09-17,47267.51953125,48,0.7086
2021-09-18,48278.36328125,50,0.7103
2021-09-19,47260.21875,53,0.7155
2021-09-20,42843.80078125,50,0.7052
2021-09-21,40693.67578125,27,0.6665
2021-09-22,43574.5078125,21,0.6563
2021-09-23,44895.09765625,27,0.6806
2021-09-24,42839.75,33,0.6801
2021-09-25,42716.59375,28,0.6699
2021-09-26,43208.5390625,27,0.6627
2021-09-27,42235.73046875,26,0.6686
2021-09-28,41034.54296875,25,0.6554
2021-09-29,41564.36328125,24,0.6452
2021-09-30,43790.89453125,20,0.665
2021-10-01,48116.94140625,27,0.672
2021-10-02,47711.48828125,54,0.711
2021-10-03,48199.953125,49,0.703
2021-10-04,49112.90234375,54,0.7042
2021-10-05,51514.8125,59,0.7131
2021-10-06,55361.44921875,68,0.7173
2021-10-07,53805.984375,76,0.7455
2021-10-08,53967.84765625,74,0.7413
2021-10-09,54968.22265625,72,0.7528
2021-10-10,54771.578125,71,0.7599
2021-10-11,57484.7890625,71,0.7589
2021-10-12,56041.05859375,78,0.7649
2021-10-13,57401.09765625,70,0.7807
2021-10-14,57321.5234375,70,0.7679
2021-10-15,61593.94921875,71,0.7726
2021-10-16,60892.1796875,78,0.7866
2021-10-17,61553.6171875,79,0.7984
2021-10-18,62026.078125,78,0.7982
2021-10-19,64261.9921875,75,0.8037
2021-10-20,65992.8359375,82,0.8111
2021-10-21,62210.171875,84,0.8133
2021-10-22,60692.265625,75,0.8087
2021-10-23,61393.6171875,74,0.7959
2021-10-24,60930.8359375,73,0.7991
2021-10-25,63039.82421875,72,0.8097
2021-10-26,60363.79296875,76,0.8042
2021-10-27,58482.38671875,73,0.7998
2021-10-28,60622.13671875,66,0.7867
2021-10-29,62227.96484375,70,0.7975
2021-10-30,61888.83203125,73,0.7989
2021-10-31,61318.95703125,74,0.7913
2021-11-01,61004.40625,74,0.7942
2021-11-02,63226.40234375,73,0.7944
2021-11-03,62970.046875,76,0.7998
2021-11-04,61452.23046875,73,0.7943
2021-11-05,61125.67578125,73,0.7951
2021-11-06,61527.48046875,71,0.791
2021-11-07,63326.98828125,73,0.7929
2021-11-08,67566.828125,75,0.7948
2021-11-09,66971.828125,84,0.8167
2021-11-10,64995.23046875,75,0.8151
2021-11-11,64949.9609375,77,0.8098
2021-11-12,64155.94140625,74,0.7999
2021-11-13,64469.52734375,72,0.8022
2021-11-14,65466.83984375,74,0.8051
2021-11-15,63557.87109375,72,0.8099
2021-11-16,60161.24609375,71,0.8001
2021-11-17,60368.01171875,52,0.7841
2021-11-18,56942.13671875,54,0.776
2021-11-19,58119.578125,34,0.7607
2021-11-20,59697.1953125,43,0.764
2021-11-21,58730.4765625,49,0.7626
2021-11-22,56289.2890625,50,0.7612
2021-11-23,57569.07421875,33,0.7445
2021-11-24,56280.42578125,42,0.7553
2021-11-25,57274.6796875,32,0.7416
2021-11-26,53569.765625,47,0.7452
2021-11-27,54815.078125,21,0.7355
2021-11-28,57248.45703125,27,0.7335
2021-11-29,57806.56640625,33,0.7429
2021-11-30,57005.42578125,40,0.7424
2021-12-01,57229.828125,34,0.7409
2021-12-02,56477.81640625,32,0.7493
2021-12-03,53598.24609375,31,0.7399
2021-12-04,49200.703125,25,0.7168
2021-12-05,49368.84765625,18,0.7037
2021-12-06,50582.625,16,0.7035
2021-12-07,50700.0859375,25,0.7022
2021-12-08,50504.796875,28,0.7087
2021-12-09,47672.12109375,29,0.6983
2021-12-10,47243.3046875,24,0.6771
2021-12-11,49362.5078125,16,0.664
2021-12-12,50098.3359375,27,0.6656
2021-12-13,46737.48046875,28,0.6675
2021-12-14,46612.6328125,21,0.6546
2021-12-15,48896.72265625,28,0.656
2021-12-16,47665.42578125,29,0.6431
2021-12-17,46202.14453125,23,0.6488
2021-12-18,46848.77734375,24,0.6329
2021-12-19,46707.015625,29,0.644
2021-12-20,46880.27734375,25,0.6367
2021-12-21,48936.61328125,27,0.6476
2021-12-22,48628.51171875,45,0.6513
2021-12-23,50784.5390625,34,0.6541
2021-12-24,50822.1953125,41,0.6563
2021-12-25,50429.859375,39,0.6566
2021-12-26,50809.515625,37,0.6509
2021-12-27,50640.41796875,40,0.6576
2021-12-28,47588.85546875,41,0.6495
2021-12-29,46444.7109375,27,0.6356
2021-12-30,47178.125,22,0.6172
2021-12-31,46306.4453125,28,0.6291
2022-01-01,47686.8125,21,0.6354
2022-01-02,47345.21875,29,0.6329
2022-01-03,46458.1171875,29,0.6231
2022-01-04,45897.57421875,23,0.6149
2022-01-05,43569.00390625,24,0.6066
2022-01-06,43160.9296875,15,0.5906
2022-01-07,41557.90234375,18,0.5773
2022-01-08,41733.94140625,10,0.5696
2022-01-09,41911.6015625,23,0.5659
2022-01-10,41821.26171875,23,0.5651
2022-01-11,42735.85546875,21,0.5699
2022-01-12,43949.1015625,22,0.5625
2022-01-13,42591.5703125,21,0.582
2022-01-14,43099.69921875,21,0.5626
2022-01-15,43177.3984375,23,0.5642
2022-01-16,43113.87890625,21,0.5671
2022-01-17,42250.55078125,22,0.5599
2022-01-18,42375.6328125,24,0.5482
2022-01-19,41744.328125,24,0.5607
2022-01-20,40680.41796875,24,0.5552
2022-01-21,36457.31640625,19,0.5301
2022-01-22,35030.25,13,0.5046
2022-01-23,36276.8046875,11,0.4944
2022-01-24,36654.328125,13,0.5017
2022-01-25,36954.00390625,12,0.5073
2022-01-26,36852.12109375,23,0.4992
2022-01-27,37138.234375,20,0.4964
2022-01-28,37784.33203125,24,0.5006
2022-01-29,38138.1796875,24,0.4983
2022-01-30,37917.6015625,29,0.5033
2022-01-31,38483.125,20,0.5036
2022-02-01,38743.2734375,26,0.5105
2022-02-02,36952.984375,28,0.5133
2022-02-03,37154.6015625,20,0.4997
2022-02-04,41500.875,20,0.4974
2022-02-05,41441.1640625,33,0.5159
2022-02-06,42412.43359375,37,0.5353
2022-02-07,43840.28515625,45,0.5322
2022-02-08,44118.4453125,48,0.5482
2022-02-09,44338.796875,54,0.5359
2022-02-10,43565.11328125,50,0.5395
2022-02-11,42407.9375,50,0.5413
2022-02-12,42244.46875,44,0.5536
2022-02-13,42197.515625,44,0.543
2022-02-14,42586.91796875,46,0.5418
2022-02-15,44575.203125,46,0.5518
2022-02-16,43961.859375,51,0.5532
2022-02-17,40538.01171875,52,0.5459
2022-02-18,40030.9765625,30,0.5104
2022-02-19,40122.15625,25,0.5055
2022-02-20,38431.37890625,27,0.4993
2022-02-21,37075.28125,25,0.4773
2022-02-22,38286.02734375,20,0.482
2022-02-23,37296.5703125,25,0.4832
2022-02-24,38332.609375,23,0.4668
2022-02-25,39214.21875,27,0.4702
2022-02-26,39105.1484375,26,0.4754
2022-02-27,37709.78515625,26,0.4764
2022-02-28,43193.234375,20,0.4792
2022-03-01,44354.63671875,51,0.529
2022-03-02,43924.1171875,52,0.532
2022-03-03,42451.7890625,39,0.5362
2022-03-04,39137.60546875,33,0.5207
2022-03-05,39400.5859375,22,0.4918
2022-03-06,38419.984375,22,0.4875
2022-03-07,38062.0390625,23,0.4968
2022-03-08,38737.26953125,21,0.4838
2022-03-09,41982.92578125,22,0.4848
2022-03-10,39437.4609375,28,0.5015
2022-03-11,38794.97265625,22,0.4798
2022-03-12,38904.01171875,22,0.4791
2022-03-13,37849.6640625,21,0.4728
2022-03-14,39666.75390625,23,0.4689
2022-03-15,39338.78515625,21,0.4725
2022-03-16,41143.9296875,24,0.4882
2022-03-17,40951.37890625,27,0.493
2022-03-18,41801.15625,25,0.4918
2022-03-19,42190.65234375,28,0.4968
2022-03-20,41247.82421875,31,0.4963
2022-03-21,41077.99609375,30,0.4941
2022-03-22,42358.80859375,26,0.4915
2022-03-23,42892.95703125,31,0.5001
2022-03-24,43960.93359375,40,0.5042
2022-03-25,44348.73046875,47,0.5159
2022-03-26,44500.828125,51,0.5238
2022-03-27,46820.4921875,49,0.5133
2022-03-28,47128.00390625,60,0.536
2022-03-29,47465.73046875,56,0.5433
2022-03-30,47062.6640625,55,0.54
2022-03-31,45538.67578125,52,0.5405
2022-04-01,46281.64453125,50,0.5352
2022-04-02,45868.94921875,52,0.5314
2022-04-03,46453.56640625,48,0.5362
2022-04-04,46622.67578125,52,0.5463
2022-04-05,45555.9921875,53,0.5407
2022-04-06,43206.73828125,48,0.5329
2022-04-07,43503.84765625,34,0.5124
2022-04-08,42287.6640625,37,0.5052
2022-04-09,42782.13671875,30,0.5043
2022-04-10,42207.671875,34,0.4986
2022-04-11,39521.90234375,32,0.4902
2022-04-12,40127.18359375,20,0.4773
2022-04-13,41166.73046875,25,0.4699
2022-04-14,39935.515625,28,0.4734
2022-04-15,40553.46484375,22,0.4751
2022-04-16,40424.484375,28,0.4666
2022-04-17,39716.953125,28,0.4773
2022-04-18,40826.21484375,24,0.4562
2022-04-19,41502.75,27,0.458
2022-04-20,41374.37890625,27,0.48
2022-04-21,40527.36328125,27,0.4793
2022-04-22,39740.3203125,26,0.4592
2022-04-23,39486.73046875,24,0.4651
2022-04-24,39469.29296875,24,0.4642
2022-04-25,40458.30859375,23,0.4631
2022-04-26,38117.4609375,27,0.4593
2022-04-27,39241.12109375,21,0.459
2022-04-28,39773.828125,24,0.4443
2022-04-29,38609.82421875,23,0.4494
2022-04-30,37714.875,20,0.4411
2022-05-01,38469.09375,22,0.4389
2022-05-02,38529.328125,28,0.4448
2022-05-03,37750.453125,27,0.4382
2022-05-04,39698.37109375,21,0.4381
2022-05-05,36575.140625,27,0.4492
2022-05-06,36040.921875,22,0.423
2022-05-07,35501.953125,23,0.413
2022-05-08,34059.265625,18,0.411
2022-05-09,30296.953125,11,0.3912
2022-05-10,31022.90625,10,0.361
2022-05-11,28936.35546875,12,0.3572
2022-05-12,29047.751953125,12,0.3337
2022-05-13,29283.103515625,10,0.3386
2022-05-14,30101.265625,9,0.3391
2022-05-15,31305.11328125,10,0.3382
2022-05-16,29862.91796875,14,0.3543
2022-05-17,30425.857421875,8,0.3405
2022-05-18,28720.271484375,12,0.3253
2022-05-19,30314.333984375,13,0.3048
2022-05-20,29200.740234375,13,0.3096
2022-05-21,29432.2265625,13,0.3069
2022-05-22,30323.72265625,14,0.3019
2022-05-23,29098.91015625,10,0.3192
2022-05-24,29655.5859375,12,0.2979
2022-05-25,29562.361328125,11,0.3053
2022-05-26,29267.224609375,12,0.3092
2022-05-27,28627.57421875,12,0.3009
2022-05-28,28814.900390625,13,0.2992
2022-05-29,29445.95703125,14,0.3048
2022-05-30,31726.390625,10,0.312
2022-05-31,31792.310546875,16,0.3293
2022-06-01,29799.080078125,17,0.3313
2022-06-02,30467.48828125,13,0.3107
2022-06-03,29704.390625,10,0.3198
2022-06-04,29832.9140625,14,0.3133
2022-06-05,29906.662109375,10,0.3175
2022-06-06,31370.671875,13,0.3289
2022-06-07,31155.478515625,15,0.3444
2022-06-08,30214.35546875,17,0.341
2022-06-09,30111.998046875,11,0.3206
2022-06-10,29083.8046875,13,0.3133
2022-06-11,28360.810546875,12,0.3042
2022-06-12,26762.6484375,14,0.2801
2022-06-13,22487.388671875,11,0.2577
2022-06-14,22206.79296875,8,0.2179
2022-06-15,22572.83984375,7,0.2133
2022-06-16,20381.650390625,7,0.1948
2022-06-17,20471.482421875,9,0.1623
2022-06-18,19017.642578125,6,0.1719
2022-06-19,20553.271484375,6,0.1409
2022-06-20,20599.537109375,9,0.1437
2022-06-21,20710.59765625,9,0.1529
2022-06-22,19987.029296875,11,0.1437
2022-06-23,21085.876953125,11,0.1335
2022-06-24,21231.65625,11,0.137
2022-06-25,21502.337890625,14,0.1474
2022-06-26,21027.294921875,14,0.1365
2022-06-27,20735.478515625,12,0.127
2022-06-28,20280.634765625,10,0.1257
2022-06-29,20104.0234375,13,0.1153
2022-06-30,19784.7265625,11,0.1213
2022-07-01,19269.3671875,11,0.1027
2022-07-02,19242.255859375,14,0.0972
2022-07-03,19297.076171875,11,0.1006
2022-07-04,20231.26171875,14,0.0982
2022-07-05,20190.115234375,19,0.0957
2022-07-06,20548.24609375,18,0.102
2022-07-07,21637.587890625,18,0.1235
2022-07-08,21731.1171875,20,0.134
2022-07-09,21592.20703125,24,0.1316
2022-07-10,20860.44921875,24,0.1355
2022-07-11,19970.556640625,22,0.1103
2022-07-12,19323.9140625,16,0.1062
2022-07-13,20212.07421875,15,0.0825
2022-07-14,20569.919921875,18,0.104
2022-07-15,20836.328125,15,0.1189
2022-07-16,21190.31640625,21,0.1269
2022-07-17,20779.34375,24,0.1169
2022-07-18,22485.689453125,20,0.1161
2022-07-19,23389.43359375,30,0.1391
2022-07-20,23231.732421875,31,0.1545
2022-07-21,23164.62890625,34,0.1656
2022-07-22,22714.978515625,33,0.1642
2022-07-23,22465.478515625,31,0.1694
2022-07-24,22609.1640625,30,0.1646
2022-07-25,21361.701171875,30,0.1616
2022-07-26,21239.75390625,26,0.1557
2022-07-27,22930.548828125,28,0.1514
2022-07-28,23843.88671875,32,0.1635
2022-07-29,23804.6328125,39,0.1757
2022-07-30,23656.20703125,42,0.1688
2022-07-31,23336.896484375,39,0.1756
2022-08-01,23314.19921875,33,0.1598
2022-08-02,22978.1171875,31,0.1645
2022-08-03,22846.5078125,34,0.1625
2022-08-04,22630.95703125,30,0.1563
2022-08-05,23289.314453125,31,0.1629
2022-08-06,22961.279296875,31,0.1717
2022-08-07,23175.890625,30,0.1685
2022-08-08,23809.486328125,30,0.1653
2022-08-09,23164.318359375,42,0.1696
2022-08-10,23947.642578125,31,0.1661
2022-08-11,23957.529296875,41,0.1701
2022-08-12,24402.818359375,42,0.18
2022-08-13,24424.068359375,46,0.178
2022-08-14,24319.333984375,47,0.1766
2022-08-15,24136.97265625,45,0.1822
2022-08-16,23883.291015625,44,0.1778
2022-08-17,23335.998046875,41,0.1672
2022-08-18,23212.73828125,30,0.167
2022-08-19,20877.552734375,33,0.1718
2022-08-20,21166.060546875,29,0.1317
2022-08-21,21534.12109375,27,0.1285
2022-08-22,21398.908203125,29,0.1319
2022-08-23,21528.087890625,28,0.1408
2022-08-24,21395.01953125,25,0.1304
2022-08-25,21600.904296875,25,0.1344
2022-08-26,20260.01953125,27,0.1302
2022-08-27,20041.73828125,28,0.1008
2022-08-28,19616.814453125,28,0.1014
2022-08-29,20297.994140625,24,0.0944
2022-08-30,19796.80859375,27,0.1038
2022-08-31,20049.763671875,23,0.0927
2022-09-01,20127.140625,20,0.0922
2022-09-02,19969.771484375,25,0.0841
2022-09-03,19832.087890625,21,0.0887
2022-09-04,19986.712890625,20,0.0932
2022-09-05,19812.37109375,23,0.0914
2022-09-06,18837.66796875,22,0.0799
2022-09-07,19290.32421875,24,0.0694
2022-09-08,19329.833984375,20,0.0655
2022-09-09,21381.15234375,22,0.0823
2022-09-10,21680.5390625,28,0.1156
2022-09-11,21769.255859375,26,0.1358
2022-09-12,22370.44921875,25,0.1273
2022-09-13,20296.70703125,34,0.1187
2022-09-14,20241.08984375,27,0.0878
2022-09-15,19701.2109375,28,0.0907
2022-09-16,19772.583984375,20,0.0829
2022-09-17,20127.576171875,22,0.1037
2022-09-18,19419.505859375,27,0.1004
2022-09-19,19544.12890625,21,0.0837
2022-09-20,18890.7890625,23,0.0824
2022-09-21,18547.400390625,23,0.067
2022-09-22,19413.55078125,22,0.0535
2022-09-23,19297.638671875,20,0.0703
2022-09-24,18937.01171875,24,0.0768
2022-09-25,18802.09765625,24,0.0675
2022-09-26,19222.671875,21,0.0673
2022-09-27,19110.546875,20,0.0611
2022-09-28,19426.720703125,20,0.0721
2022-09-29,19573.05078125,22,0.076
2022-09-30,19431.7890625,21,0.0882
2022-10-01,19312.095703125,20,0.0887
2022-10-02,19044.107421875,24,0.0768
2022-10-03,19623.580078125,24,0.0746
2022-10-04,20336.84375,20,0.0882
2022-10-05,20160.716796875,25,0.1063
2022-10-06,19955.443359375,26,0.0997
2022-10-07,19546.849609375,23,0.1001
2022-10-08,19416.568359375,24,0.0936
2022-10-09,19446.42578125,22,0.0832
2022-10-10,19141.484375,22,0.0893
2022-10-11,19051.41796875,24,0.0838
2022-10-12,19157.4453125,20,0.0731
2022-10-13,19382.904296875,20,0.0773
2022-10-14,19185.65625,24,0.0845
2022-10-15,19067.634765625,24,0.0799
2022-10-16,19268.09375,24,0.0751
2022-10-17,19550.7578125,20,0.0805
2022-10-18,19334.416015625,22,0.081
2022-10-19,19139.53515625,23,0.0828
2022-10-20,19053.740234375,23,0.0777
2022-10-21,19172.46875,23,0.0803
2022-10-22,19208.189453125,20,0.0735
2022-10-23,19567.0078125,23,0.0851
2022-10-24,19345.572265625,22,0.0837
2022-10-25,20095.857421875,20,0.0763
2022-10-26,20770.44140625,33,0.1035
2022-10-27,20285.8359375,32,0.1055
2022-10-28,20595.3515625,30,0.1122
2022-10-29,20818.4765625,34,0.11
2022-10-30,20635.603515625,34,0.1118
2022-10-31,20495.7734375,31,0.1242
2022-11-01,20485.2734375,30,0.1143
2022-11-02,20159.50390625,30,0.1059
2022-11-03,20209.98828125,30,0.118
2022-11-04,21147.23046875,30,0.1074
2022-11-05,21282.69140625,38,0.1321
2022-11-06,20926.486328125,40,0.1291
2022-11-07,20602.81640625,33,0.1265
2022-11-08,18541.271484375,31,0.1225
2022-11-09,15880.7802734375,29,0.074
2022-11-10,17586.771484375,22,0.0407
2022-11-11,17034.29296875,25,0.0554
2022-11-12,16799.185546875,21,0.0613
2022-11-13,16353.365234375,22,0.0399
2022-11-14,16618.19921875,24,0.0313
2022-11-15,16884.61328125,22,0.0419
2022-11-16,16669.439453125,23,0.0434
2022-11-17,16687.517578125,20,0.0357
2022-11-18,16697.77734375,23,0.0383
2022-11-19,16711.546875,23,0.0454
2022-11-20,16291.83203125,24,0.0434
2022-11-21,15787.2841796875,21,0.0251
2022-11-22,16189.76953125,22,0.0224
2022-11-23,16610.70703125,22,0.0329
2022-11-24,16604.46484375,20,0.0336
2022-11-25,16521.841796875,20,0.0305
2022-11-26,16464.28125,22,0.0216
2022-11-27,16444.626953125,26,0.0348
2022-11-28,16217.322265625,28,0.0354
2022-11-29,16444.982421875,26,0.0299
2022-11-30,17168.56640625,29,0.039
2022-12-01,16967.1328125,27,0.0558
2022-12-02,17088.66015625,27,0.0407
2022-12-03,16908.236328125,27,0.0454
2022-12-04,17130.486328125,26,0.0478
2022-12-05,16974.826171875,26,0.0529
2022-12-06,17089.50390625,25,0.0468
2022-12-07,16848.126953125,29,0.0628
2022-12-08,17233.474609375,25,0.0592
2022-12-09,17133.15234375,26,0.0589
2022-12-10,17128.724609375,27,0.0588
2022-12-11,17104.193359375,26,0.0557
2022-12-12,17206.4375,27,0.0538
2022-12-13,17781.318359375,27,0.067
2022-12-14,17815.650390625,30,0.0696
2022-12-15,17364.865234375,31,0.0654
2022-12-16,16647.484375,29,0.0508
2022-12-17,16795.091796875,28,0.0451
2022-12-18,16757.9765625,26,0.0505
2022-12-19,16439.6796875,29,0.0452
2022-12-20,16906.3046875,29,0.0453
2022-12-21,16817.53515625,26,0.0527
2022-12-22,16830.341796875,28,0.048
2022-12-23,16796.953125,27,0.0469
2022-12-24,16847.755859375,29,0.0243
2022-12-25,16841.986328125,29,0.0522
2022-12-26,16919.8046875,28,0.047
2022-12-27,16717.173828125,27,0.0402
2022-12-28,16552.572265625,28,0.0616
2022-12-29,16642.341796875,28,0.0494
2022-12-30,16602.5859375,28,0.0579
2022-12-31,16547.49609375,25,0.0566
2023-01-01,16625.080078125,26,0.0562
2023-01-02,16688.470703125,27,0.0581
2023-01-03,16679.857421875,26,0.0584
2023-01-04,16863.23828125,29,0.0545
2023-01-05,16836.736328125,29,0.0628
2023-01-06,16951.96875,26,0.0719
2023-01-07,16955.078125,25,0.0637
2023-01-08,17091.14453125,25,0.0639
2023-01-09,17196.5546875,25,0.0655
2023-01-10,17446.29296875,26,0.075
2023-01-11,17934.896484375,26,0.0719
2023-01-12,18869.587890625,30,0.0875
2023-01-13,19909.57421875,31,0.1143
2023-01-14,20976.298828125,46,0.1431
2023-01-15,20880.798828125,52,0.1617
2023-01-16,21169.6328125,45,0.1579
2023-01-17,21161.51953125,51,0.1661
2023-01-18,20688.78125,52,0.159
2023-01-19,21086.79296875,45,0.1549
2023-01-20,22676.552734375,51,0.1589
2023-01-21,22777.625,53,0.1893
2023-01-22,22720.416015625,53,0.2018
2023-01-23,22934.431640625,50,0.2042
2023-01-24,22636.46875,52,0.1942
2023-01-25,23117.859375,51,0.2108
2023-01-26,23032.77734375,54,0.2097
2023-01-27,23078.728515625,55,0.2096
2023-01-28,23031.08984375,52,0.2161
2023-01-29,23774.56640625,55,0.2151
2023-01-30,22840.138671875,61,0.2142
2023-01-31,23139.283203125,51,0.1913
2023-02-01,23723.76953125,56,0.2064
2023-02-02,23471.87109375,60,0.221
2023-02-03,23449.322265625,60,0.2133
2023-02-04,23331.84765625,58,0.2125
2023-02-05,22955.666015625,58,0.2176
2023-02-06,22760.109375,56,0.2097
2023-02-07,23264.291015625,54,0.2045
2023-02-08,22939.3984375,58,0.2096
2023-02-09,21819.0390625,55,0.2135
2023-02-10,21651.18359375,48,0.1883
2023-02-11,21870.875,49,0.1838
2023-02-12,21788.203125,50,0.1932
2023-02-13,21808.1015625,48,0.1907
2023-02-14,22220.8046875,50,0.1914
2023-02-15,24307.841796875,53,0.2082
2023-02-16,23623.474609375,62,0.246
2023-02-17,24565.6015625,61,0.239
2023-02-18,24641.27734375,60,0.253
2023-02-19,24327.642578125,60,0.2527
2023-02-20,24829.1484375,58,0.2435
2023-02-21,24436.353515625,60,0.257
2023-02-22,24188.84375,59,0.241
2023-02-23,23947.4921875,56,0.2493
2023-02-24,23198.126953125,53,0.2284
2023-02-25,23175.375,52,0.2022
2023-02-26,23561.212890625,51,0.23
2023-02-27,23522.87109375,50,0.2243
2023-02-28,23147.353515625,53,0.2229
2023-03-01,23646.55078125,50,0.2336
2023-03-02,23475.466796875,51,0.2292
2023-03-03,22362.6796875,50,0.2353
2023-03-04,22353.349609375,50,0.2116
2023-03-05,22435.513671875,47,0.2108
2023-03-06,22429.7578125,48,0.2023
2023-03-07,22219.76953125,49,0.2165
2023-03-08,21718.080078125,50,0.1988
2023-03-09,20363.021484375,44,0.1877
2023-03-10,20187.244140625,34,0.1636
2023-03-11,20632.41015625,33,0.1714
2023-03-12,22163.94921875,33,0.1808
2023-03-13,24197.533203125,49,0.2135
2023-03-14,24746.07421875,56,0.2498
2023-03-15,24375.9609375,50,0.2644
2023-03-16,25052.7890625,52,0.2592
2023-03-17,27423.9296875,51,0.2806
2023-03-18,26965.87890625,64,0.3264
2023-03-19,28038.67578125,63,0.3235
2023-03-20,27767.236328125,66,0.3391
2023-03-21,28175.81640625,68,0.3345
2023-03-22,27307.4375,62,0.3412
2023-03-23,28333.97265625,57,0.3428
2023-03-24,27493.28515625,61,0.3447
2023-03-25,27494.70703125,64,0.3274
2023-03-26,27994.330078125,64,0.3277
2023-03-27,27139.888671875,64,0.3316
2023-03-28,27268.130859375,59,0.315
2023-03-29,28348.44140625,57,0.3235
2023-03-30,28033.5625,60,0.3401
2023-03-31,28478.484375,63,0.3517
2023-04-01,28411.03515625,61,0.3574
2023-04-02,28199.30859375,63,0.3625
2023-04-03,27790.220703125,63,0.3503
2023-04-04,28168.08984375,62,0.3581
2023-04-05,28177.984375,62,0.3532
2023-04-06,28044.140625,63,0.366
2023-04-07,27925.859375,64,0.3453
2023-04-08,27947.794921875,61,0.3436
2023-04-09,28333.05078125,61,0.343
2023-04-10,29652.98046875,62,0.3396
2023-04-11,30235.05859375,68,0.3744
2023-04-12,30139.052734375,65,0.3929
2023-04-13,30399.06640625,61,0.3851
2023-04-14,30485.69921875,68,0.3883
2023-04-15,30318.49609375,68,0.4016
2023-04-16,30315.35546875,68,0.3859
2023-04-17,29445.044921875,69,0.3989
2023-04-18,30397.552734375,58,0.3961
2023-04-19,28822.6796875,63,0.3873
2023-04-20,28245.98828125,52,0.3654
2023-04-21,27276.91015625,50,0.3583
2023-04-22,27817.5,53,0.3459
2023-04-23,27591.384765625,56,0.3492
2023-04-24,27525.33984375,53,0.346
2023-04-25,28307.59765625,53,0.3333
2023-04-26,28422.701171875,56,0.3468
2023-04-27,29473.787109375,59,0.354
2023-04-28,29340.26171875,64,0.3736
2023-04-29,29248.48828125,64,0.3687
2023-04-30,29268.806640625,60,0.3736
2023-05-01,28091.568359375,63,0.3848
2023-05-02,28680.537109375,55,0.3504
2023-05-03,29006.30859375,64,0.3613
2023-05-04,28847.7109375,64,0.3772
2023-05-05,29534.384765625,61,0.3666
2023-05-06,28904.623046875,60,0.3879
2023-05-07,28454.978515625,64,0.3764
2023-05-08,27694.2734375,60,0.3828
2023-05-09,27658.775390625,51,0.3812
2023-05-10,27621.755859375,52,0.3867
2023-05-11,27000.7890625,52,0.3729
2023-05-12,26804.990234375,49,0.3585
2023-05-13,26784.078125,48,0.3569
2023-05-14,26930.638671875,48,0.3687
2023-05-15,27192.693359375,50,0.345
2023-05-16,27036.650390625,54,0.3498
2023-05-17,27398.802734375,50,0.3508
2023-05-18,26832.208984375,51,0.3444
2023-05-19,26890.12890625,48,0.3423
2023-05-20,27129.5859375,48,0.3329
2023-05-21,26753.826171875,52,0.3442
2023-05-22,26851.27734375,49,0.3371
2023-05-23,27225.7265625,50,0.3451
2023-05-24,26334.818359375,50,0.3414
2023-05-25,26476.20703125,51,0.3351
2023-05-26,26719.291015625,49,0.3416
2023-05-27,26868.353515625,48,0.3424
2023-05-28,28085.646484375,50,0.3536
2023-05-29,27745.884765625,52,0.3709
2023-05-30,27702.349609375,51,0.3646
2023-05-31,27219.658203125,51,0.3547
2023-06-01,26819.97265625,52,0.3434
2023-06-02,27249.58984375,50,0.3496
2023-06-03,27075.12890625,53,0.3382
2023-06-04,27119.06640625,52,0.3464
2023-06-05,25760.09765625,53,0.3397
2023-06-06,27238.783203125,44,0.3322
2023-06-07,26345.998046875,53,0.3403
2023-06-08,26508.216796875,50,0.3404
2023-06-09,26480.375,50,0.347
2023-06-10,25851.240234375,49,0.3363
2023-06-11,25940.16796875,47,0.3318
2023-06-12,25902.5,47,0.3288
2023-06-13,25918.728515625,45,0.3262
2023-06-14,25124.67578125,46,0.3091
2023-06-15,25576.39453125,41,0.3119
2023-06-16,26327.462890625,47,0.3221
2023-06-17,26510.67578125,47,0.3317
2023-06-18,26336.212890625,49,0.341
2023-06-19,26851.029296875,47,0.3353
2023-06-20,28327.48828125,49,0.3485
2023-06-21,30027.296875,59,0.3693
2023-06-22,29912.28125,65,0.4059
2023-06-23,30695.46875,65,0.4018
2023-06-24,30548.6953125,62,0.4217
2023-06-25,30480.26171875,64,0.4256
2023-06-26,30271.130859375,55,0.4206
2023-06-27,30688.1640625,59,0.4103
2023-06-28,30086.24609375,62,0.3971
2023-06-29,30445.3515625,54,0.4113
2023-06-30,30477.251953125,56,0.421
2023-07-01,30590.078125,59,0.4124
2023-07-02,30620.76953125,63,0.4305
2023-07-03,31156.439453125,62,0.417
2023-07-04,30777.58203125,64,0.4233
2023-07-05,30514.166015625,61,0.4232
2023-07-06,29909.337890625,56,0.4066
2023-07-07,30342.265625,55,0.4172
2023-07-08,30292.541015625,58,0.4167
2023-07-09,30171.234375,55,0.4099
2023-07-10,30414.470703125,56,0.4021
2023-07-11,30620.951171875,57,0.3965
2023-07-12,30391.646484375,64,0.4041
2023-07-13,31476.048828125,57,0.3927
2023-07-14,30334.068359375,60,0.4101
2023-07-15,30295.806640625,56,0.4003
2023-07-16,30249.1328125,57,0.4048
2023-07-17,30145.888671875,54,0.3958
2023-07-18,29856.5625,56,0.4044
2023-07-19,29913.923828125,50,0.4017
2023-07-20,29792.015625,56,0.3973
2023-07-21,29908.744140625,50,0.3838
2023-07-22,29771.802734375,52,0.3959
2023-07-23,30084.5390625,54,0.4006
2023-07-24,29176.916015625,55,0.4034
2023-07-25,29227.390625,50,0.3875
2023-07-26,29354.97265625,51,0.383
2023-07-27,29210.689453125,51,0.3737
2023-07-28,29319.24609375,52,0.3775
2023-07-29,29356.91796875,52,0.3864
2023-07-30,29275.30859375,52,0.4033
2023-07-31,29230.111328125,50,0.3901
2023-08-01,29675.732421875,53,0.3875
2023-08-02,29151.958984375,53,0.3989
2023-08-03,29178.6796875,52,0.3953
2023-08-04,29074.091796875,54,0.3749
2023-08-05,29042.126953125,50,0.3763
2023-08-06,29041.85546875,49,0.3792
2023-08-07,29180.578125,49,0.3709
2023-08-08,29765.4921875,54,0.3635
2023-08-09,29561.494140625,50,0.3897
2023-08-10,29429.591796875,53,0.3679
2023-08-11,29397.71484375,51,0.3783
2023-08-12,29415.96484375,54,0.3842
2023-08-13,29282.9140625,54,0.3696
2023-08-14,29408.443359375,50,0.3845
2023-08-15,29170.34765625,53,0.3852
2023-08-16,28701.779296875,52,0.3773
2023-08-17,26664.55078125,50,0.3628
2023-08-18,26049.556640625,37,0.3279
2023-08-19,26096.205078125,39,0.3188
2023-08-20,26189.583984375,37,0.3282
2023-08-21,26124.140625,38,0.3303
2023-08-22,26031.65625,37,0.3214
2023-08-23,26431.640625,37,0.3224
2023-08-24,26162.373046875,41,0.3262
2023-08-25,26047.66796875,39,0.322
2023-08-26,26008.462890625,38,0.3202
2023-08-27,26089.693359375,38,0.3081
2023-08-28,26106.150390625,39,0.3102
2023-08-29,27727.392578125,39,0.3346
2023-08-30,27297.265625,49,0.3417
2023-08-31,25931.47265625,52,0.3447
2023-09-01,25800.724609375,40,0.3281
2023-09-02,25868.798828125,39,0.3259
2023-09-03,25969.56640625,40,0.3292
2023-09-04,25812.416015625,40,0.3256
2023-09-05,25779.982421875,40,0.3086
2023-09-06,25753.236328125,42,0.3094
2023-09-07,26240.1953125,41,0.3142
2023-09-08,25905.654296875,46,0.311
2023-09-09,25895.677734375,41,0.3132
2023-09-10,25832.2265625,40,0.31
2023-09-11,25162.654296875,40,0.3124
2023-09-12,25833.34375,30,0.2973
2023-09-13,26228.32421875,41,0.3091
2023-09-14,26539.673828125,45,0.3201
2023-09-15,26608.693359375,45,0.3363
2023-09-16,26568.28125,43,0.3251
2023-09-17,26534.1875,46,0.3217
2023-09-18,26754.28125,46,0.3244
2023-09-19,27211.1171875,46,0.3208
2023-09-20,27132.0078125,47,0.3302
2023-09-21,26567.6328125,47,0.328
2023-09-22,26579.568359375,43,0.3177
2023-09-23,26579.390625,47,0.3272
2023-09-24,26256.826171875,44,0.3229
2023-09-25,26298.48046875,47,0.3186
2023-09-26,26217.25,46,0.316
2023-09-27,26352.716796875,44,0.3244
2023-09-28,27021.546875,46,0.3203
2023-09-29,26911.720703125,48,0.3339
2023-09-30,26967.916015625,47,0.3329
2023-10-01,27983.75,48,0.3375
2023-10-02,27530.78515625,50,0.3572
2023-10-03,27429.978515625,50,0.3601
2023-10-04,27799.39453125,49,0.3446
2023-10-05,27415.912109375,48,0.354
2023-10-06,27946.59765625,50,0.3595
2023-10-07,27968.83984375,49,0.3701
2023-10-08,27935.08984375,50,0.3612
2023-10-09,27583.677734375,50,0.3621
2023-10-10,27391.01953125,50,0.3618
2023-10-11,26873.3203125,47,0.3568
2023-10-12,26756.798828125,45,0.3513
2023-10-13,26862.375,44,0.3373
2023-10-14,26861.70703125,47,0.3399
2023-10-15,27159.65234375,45,0.3497
2023-10-16,28519.466796875,47,0.3453
2023-10-17,28415.748046875,52,0.3717
2023-10-18,28328.341796875,50,0.3659
2023-10-19,28719.806640625,52,0.3641
2023-10-20,29682.94921875,53,0.3799
2023-10-21,29918.412109375,63,0.4045
2023-10-22,29993.896484375,53,0.4103
2023-10-23,33086.234375,53,0.4203
2023-10-24,33901.52734375,66,0.4435
2023-10-25,34502.8203125,72,0.4751
2023-10-26,34156.6484375,71,0.485
2023-10-27,33909.80078125,70,0.4784
2023-10-28,34089.57421875,65,0.4784
2023-10-29,34538.48046875,72,0.4704
2023-10-30,34502.36328125,68,0.4852
2023-10-31,34667.78125,66,0.4832
2023-11-01,35437.25390625,66,0.48
2023-11-02,34938.2421875,72,0.4857
2023-11-03,34732.32421875,65,0.4759
2023-11-04,35082.1953125,68,0.4904
2023-11-05,35049.35546875,70,0.4897
2023-11-06,35037.37109375,74,0.472
2023-11-07,35443.5625,68,0.4742
2023-11-08,35655.27734375,66,0.4867
2023-11-09,36693.125,69,0.4893
2023-11-10,37313.96875,70,0.5117
2023-11-11,37138.05078125,70,0.5209
2023-11-12,37054.51953125,73,0.52
2023-11-13,36502.35546875,72,0.4982
2023-11-14,35537.640625,69,0.498
2023-11-15,37880.58203125,60,0.497
2023-11-16,36154.76953125,70,0.5138
2023-11-17,36596.68359375,63,0.4985
2023-11-18,36585.703125,69,0.497
2023-11-19,37386.546875,66,0.5063
2023-11-20,37476.95703125,69,0.5117
2023-11-21,35813.8125,71,0.5075
2023-11-22,37432.33984375,62,0.4923
2023-11-23,37289.62109375,66,0.5084
2023-11-24,37720.28125,66,0.5175
2023-11-25,37796.79296875,73,0.517
2023-11-26,37479.12109375,73,0.5135
2023-11-27,37254.16796875,66,0.5033
2023-11-28,37831.0859375,68,0.5073
2023-11-29,37858.4921875,72,0.5044
2023-11-30,37712.74609375,74,0.5044
2023-12-01,38688.75,71,0.5259
2023-12-02,39476.33203125,74,0.5174
2023-12-03,39978.390625,73,0.5435
2023-12-04,41980.09765625,74,0.548
2023-12-05,44080.6484375,75,0.5664
2023-12-06,43746.4453125,72,0.5878
2023-12-07,43292.6640625,72,0.5804
2023-12-08,44166.6015625,72,0.5874
2023-12-09,43725.984375,73,0.6024
2023-12-10,43779.69921875,74,0.5932
2023-12-11,41243.83203125,74,0.5967
2023-12-12,41450.22265625,67,0.5689
2023-12-13,42890.7421875,65,0.5731
2023-12-14,43023.97265625,72,0.5794
2023-12-15,41929.7578125,70,0.5855
2023-12-16,42240.1171875,67,0.5731
2023-12-17,41364.6640625,73,0.5712
2023-12-18,42623.5390625,65,0.5749
2023-12-19,42270.52734375,73,0.58
2023-12-20,43652.25,74,0.5716
2023-12-21,43869.15234375,70,0.5855
2023-12-22,43997.90234375,74,0.5991
2023-12-23,43739.54296875,70,0.5966
2023-12-24,43016.1171875,71,0.5964
2023-12-25,43613.140625,73,0.5788
2023-12-26,42520.40234375,71,0.5768
2023-12-27,43442.85546875,73,0.5677
2023-12-28,42627.85546875,73,0.5678
2023-12-29,42099.40234375,65,0.5774
2023-12-30,42156.90234375,68,0.5709
2023-12-31,42265.1875,67,0.5774
2024-01-01,44167.33203125,65,0.5832
2024-01-02,44957.96875,71,0.5853
2024-01-03,42848.17578125,70,0.603
2024-01-04,44179.921875,68,0.5975
2024-01-05,44162.69140625,72,0.6067
2024-01-06,43989.1953125,70,0.6061
2024-01-07,43943.09765625,71,0.5922
2024-01-08,46970.50390625,71,0.5979
2024-01-09,46139.73046875,76,0.6358
2024-01-10,46627.77734375,73,0.6269
2024-01-11,46368.5859375,76,0.6462
2024-01-12,42853.16796875,71,0.6244
2024-01-13,42842.3828125,64,0.5946
2024-01-14,41796.26953125,60,0.5733
2024-01-15,42511.96875,52,0.5604
2024-01-16,43154.9453125,64,0.5683
2024-01-17,42742.65234375,60,0.572
2024-01-18,41262.05859375,63,0.5778
2024-01-19,41618.40625,51,0.5626
2024-01-20,41665.5859375,52,0.5665
2024-01-21,41545.78515625,56,0.5653
2024-01-22,39507.3671875,55,0.5702
2024-01-23,39845.55078125,50,0.5544
2024-01-24,40077.07421875,48,0.5473
2024-01-25,39933.80859375,52,0.5664
2024-01-26,41816.87109375,49,0.5514
2024-01-27,42120.0546875,55,0.5766
2024-01-28,42035.59375,54,0.577
2024-01-29,43288.24609375,55,0.5764
2024-01-30,42952.609375,61,0.5809
2024-01-31,42582.60546875,60,0.5771
2024-02-01,43075.7734375,63,0.5855
2024-02-02,43185.859375,63,0.6034
2024-02-03,42992.25,60,0.5891
2024-02-04,42583.58203125,60,0.5885
2024-02-05,42658.66796875,60,0.5864
2024-02-06,43084.671875,64,0.5921
2024-02-07,44318.22265625,62,0.5923
2024-02-08,45301.56640625,66,0.5894
2024-02-09,47147.19921875,72,0.6141
2024-02-10,47771.27734375,74,0.6259
2024-02-11,48293.91796875,71,0.6265
2024-02-12,49958.22265625,70,0.6472
2024-02-13,49742.44140625,79,0.6497
2024-02-14,51826.6953125,74,0.6531
2024-02-15,51938.5546875,72,0.6841
2024-02-16,52160.203125,72,0.6772
2024-02-17,51662.99609375,76,0.6859
2024-02-18,52122.546875,72,0.669
2024-02-19,51779.14453125,75,0.6806
2024-02-20,52284.875,72,0.6809
2024-02-21,51839.1796875,78,0.6785
2024-02-22,51304.97265625,74,0.6696
2024-02-23,50731.94921875,76,0.678
2024-02-24,51571.1015625,72,0.6642
2024-02-25,51733.23828125,74,0.68
2024-02-26,54522.40234375,72,0.6708
2024-02-27,57085.37109375,79,0.6911
2024-02-28,62504.7890625,82,0.7228
2024-02-29,61198.3828125,80,0.763
2024-03-01,62440.6328125,80,0.7655
2024-03-02,62029.84765625,80,0.7649
2024-03-03,63167.37109375,83,0.7697
2024-03-04,68330.4140625,82,0.7749
2024-03-05,63801.19921875,90,0.7987
2024-03-06,66106.8046875,75,0.781
2024-03-07,66925.484375,82,0.7876
2024-03-08,68300.09375,81,0.794
2024-03-09,68498.8828125,84,0.8004
2024-03-10,69019.7890625,79,0.8022
2024-03-11,72123.90625,82,0.8032
2024-03-12,71481.2890625,81,0.8175
2024-03-13,73083.5,81,0.8166
2024-03-14,71396.59375,88,0.8205
2024-03-15,69403.7734375,83,0.8148
2024-03-16,65315.1171875,81,0.8056
2024-03-17,68390.625,79,0.7866
2024-03-18,67548.59375,77,0.7956
2024-03-19,61912.7734375,79,0.7943
2024-03-20,67913.671875,74,0.7676
2024-03-21,65491.390625,78,0.7789
2024-03-22,63778.76171875,75,0.7795
2024-03-23,64062.203125,73,0.7698
2024-03-24,67234.171875,74,0.7718
2024-03-25,69958.8125,75,0.7852
2024-03-26,69987.8359375,81,0.8012
2024-03-27,69455.34375,83,0.804
2024-03-28,70744.953125,80,0.8006
2024-03-29,69892.828125,79,0.8056
2024-03-30,69645.3046875,75,0.8031
2024-03-31,71333.6484375,75,0.8013
2024-04-01,69702.1484375,79,0.8074
2024-04-02,65446.97265625,79,0.8015
2024-04-03,65980.8125,71,0.7807
2024-04-04,68508.84375,70,0.7795
2024-04-05,67837.640625,79,0.7904
2024-04-06,68896.109375,75,0.7892
2024-04-07,69362.5546875,78,0.795
2024-04-08,71631.359375,76,0.7973
2024-04-09,69139.015625,80,0.8083
2024-04-10,70587.8828125,78,0.7989
2024-04-11,70060.609375,76,0.8008
2024-04-12,67195.8671875,79,0.7958
2024-04-13,63821.47265625,72,0.7851
2024-04-14,65738.7265625,72,0.7673
2024-04-15,63426.2109375,74,0.7671
2024-04-16,63811.86328125,65,0.7595
2024-04-17,61276.69140625,67,0.747
2024-04-18,63512.75390625,57,0.7381
2024-04-19,63843.5703125,66,0.753
2024-04-20,64994.44140625,66,0.6994
2024-04-21,64926.64453125,72,0.7083
2024-04-22,66837.6796875,73,0.7127
2024-04-23,66407.2734375,71,0.7245
2024-04-24,64276.8984375,72,0.7191
2024-04-25,64481.70703125,72,0.7128
2024-04-26,63755.3203125,70,0.705
2024-04-27,63419.140625,67,0.7061
2024-04-28,63113.23046875,65,0.7053
2024-04-29,63841.12109375,67,0.7022
2024-04-30,60636.85546875,67,0.7047
2024-05-01,58254.01171875,54,0.6818
2024-05-02,59123.43359375,43,0.6726
2024-05-03,62889.8359375,48,0.6691
2024-05-04,63891.47265625,67,0.695
2024-05-05,64031.1328125,69,0.7014
2024-05-06,63161.94921875,71,0.6927
2024-05-07,62334.81640625,68,0.6825
2024-05-08,61187.94140625,64,0.6742
2024-05-09,63049.9609375,55,0.6781
2024-05-10,60792.77734375,66,0.6854
2024-05-11,60793.7109375,53,0.6815
2024-05-12,61448.39453125,56,0.6664
2024-05-13,62901.44921875,57,0.6771
2024-05-14,61552.7890625,66,0.6749
2024-05-15,66267.4921875,64,0.6759
2024-05-16,65231.58203125,70,0.6979
2024-05-17,67051.875,74,0.7065
2024-05-18,66940.8046875,73,0.7029
2024-05-19,66278.3671875,72,0.7176
2024-05-20,71448.1953125,70,0.7232
2024-05-21,70136.53125,76,0.7329
2024-05-22,69122.3359375,76,0.7461
2024-05-23,67929.5625,76,0.7463
2024-05-24,68526.1015625,74,0.7387
2024-05-25,69265.9453125,76,0.7406
2024-05-26,68518.09375,75,0.7455
2024-05-27,69394.5546875,74,0.7271
2024-05-28,68296.21875,72,0.7311
2024-05-29,67578.09375,72,0.7266
2024-05-30,68364.9921875,73,0.7142
2024-05-31,67491.4140625,73,0.7295
2024-06-01,67706.9375,72,0.7243
2024-06-02,67751.6015625,73,0.7226
2024-06-03,68804.78125,73,0.7331
2024-06-04,70567.765625,73,0.725
2024-06-05,71082.8203125,75,0.7253
2024-06-06,70757.1640625,78,0.7347
2024-06-07,69342.5859375,77,0.7356
2024-06-08,69305.7734375,72,0.7442
2024-06-09,69647.9921875,75,0.7343
2024-06-10,69512.28125,72,0.7293
2024-06-11,67332.03125,74,0.7193
2024-06-12,68241.1875,72,0.725
2024-06-13,66756.3984375,70,0.7209
2024-06-14,66011.09375,74,0.6984
2024-06-15,66191.0,74,0.696
2024-06-16,66639.046875,71,0.7121
2024-06-17,66490.296875,71,0.7017
2024-06-18,65140.74609375,74,0.7058
2024-06-19,64960.296875,64,0.6919
2024-06-20,64828.65625,60,0.6838
2024-06-21,64096.19921875,63,0.6859
2024-06-22,64252.578125,53,0.6907
2024-06-23,63180.796875,55,0.6706
2024-06-24,60277.4140625,51,0.6852
2024-06-25,61804.640625,30,0.6581
2024-06-26,60811.27734375,46,0.655
2024-06-27,61604.80078125,40,0.6605
2024-06-28,60320.13671875,47,0.6631
2024-06-29,60887.37890625,30,0.6705
2024-06-30,62678.29296875,47,0.6521
2024-07-01,62851.98046875,53,0.6668
2024-07-02,62029.015625,51,0.672
2024-07-03,60173.921875,50,0.6629
2024-07-04,56977.703125,44,0.6509
2024-07-05,56662.375,29,0.6208
2024-07-06,58303.5390625,26,0.6449
2024-07-07,55849.109375,29,0.6356
2024-07-08,56705.09765625,28,0.6357
2024-07-09,58009.2265625,27,0.6348
2024-07-10,57742.49609375,28,0.6286
2024-07-11,57344.9140625,29,0.6302
2024-07-12,57899.46484375,25,0.6264
2024-07-13,59231.953125,25,0.6222
2024-07-14,60787.79296875,33,0.6288
2024-07-15,64870.15234375,52,0.6383
2024-07-16,65097.1484375,65,0.6596
2024-07-17,64118.79296875,69,0.6801
2024-07-18,63974.06640625,61,0.6592
2024-07-19,66710.15625,60,0.6701
2024-07-20,67163.6484375,74,0.6915
2024-07-21,68154.5234375,74,0.7003
2024-07-22,67585.25,70,0.7133
2024-07-23,65927.671875,71,0.7052
2024-07-24,65372.1328125,69,0.6822
2024-07-25,65777.2265625,68,0.6891
2024-07-26,67912.0625,68,0.694
2024-07-27,67813.3359375,72,0.6999
2024-07-28,68255.8671875,71,0.6994
2024-07-29,66819.9140625,74,0.7142
2024-07-30,66201.015625,67,0.6902
2024-07-31,64619.25,61,0.6788
2024-08-01,65357.5,52,0.6728
2024-08-02,61415.06640625,57,0.6632
2024-08-03,60680.09375,37,0.6524
2024-08-04,58116.9765625,34,0.646
2024-08-05,53991.45703125,26,0.633
2024-08-06,56034.31640625,17,0.6099
2024-08-07,55027.4609375,29,0.5941
2024-08-08,61710.13671875,20,0.6072
2024-08-09,60880.11328125,48,0.6294
2024-08-10,60945.8125,40,0.631
2024-08-11,58719.484375,39,0.6398
2024-08-12,59354.515625,25,0.6119
2024-08-13,60609.56640625,31,0.6201
2024-08-14,58737.26953125,30,0.6151
2024-08-15,57560.09765625,29,0.63
2024-08-16,58894.10546875,27,0.6123
2024-08-17,59478.97265625,25,0.6156
2024-08-18,58483.96484375,31,0.6148
2024-08-19,59493.453125,28,0.5987
2024-08-20,59012.79296875,30,0.6151
2024-08-21,61175.19140625,26,0.6101
2024-08-22,60381.9140625,39,0.6235
2024-08-23,64094.35546875,34,0.6283
2024-08-24,64178.9921875,56,0.6384
2024-08-25,64333.54296875,54,0.6381
2024-08-26,62880.66015625,55,0.6382
2024-08-27,59504.1328125,48,0.6283
2024-08-28,59027.625,30,0.6299
2024-08-29,59388.1796875,29,0.6096
2024-08-30,59119.4765625,34,0.6213
2024-08-31,58969.8984375,29,0.622
2024-09-01,57325.48828125,26,0.6149
2024-09-02,59112.48046875,26,0.6189
2024-09-03,57431.0234375,26,0.6113
2024-09-04,57971.5390625,27,0.6038
2024-09-05,56160.48828125,29,0.6002
2024-09-06,53948.75390625,22,0.5806
2024-09-07,54139.6875,23,0.5752
2024-09-08,54841.56640625,29,0.5749
2024-09-09,57019.53515625,26,0.5714
2024-09-10,57648.7109375,33,0.5775
2024-09-11,57343.171875,37,0.5615
2024-09-12,58127.01171875,31,0.5853
2024-09-13,60571.30078125,32,0.5705
2024-09-14,60005.12109375,50,0.5946
2024-09-15,59182.8359375,51,0.6013
2024-09-16,58192.5078125,39,0.5837
2024-09-17,60308.5390625,33,0.5981
2024-09-18,61649.6796875,45,0.5979
2024-09-19,62940.45703125,49,0.6043
2024-09-20,63192.9765625,54,0.6285
2024-09-21,63394.83984375,54,0.6258
2024-09-22,63648.7109375,52,0.6257
2024-09-23,63329.80078125,50,0.6301
2024-09-24,64301.96875,54,0.6333
2024-09-25,63143.14453125,59,0.6359
2024-09-26,65181.01953125,50,0.6302
2024-09-27,65790.6640625,61,0.6409
2024-09-28,65887.6484375,64,0.6414
2024-09-29,65635.3046875,63,0.6557
2024-09-30,63329.5,61,0.6414
2024-10-01,60837.0078125,50,0.6405
2024-10-02,60632.78515625,42,0.6234
2024-10-03,60759.40234375,37,0.6207
2024-10-04,62067.4765625,41,0.6263
2024-10-05,62089.94921875,49,0.6213
2024-10-06,62818.953125,50,0.6191
2024-10-07,62236.66015625,50,0.6206
2024-10-08,62131.96875,49,0.6219
2024-10-09,60582.1015625,49,0.6062
2024-10-10,60274.5,39,0.6138
2024-10-11,62445.08984375,32,0.6071
2024-10-12,63193.0234375,49,0.6182
2024-10-13,62851.375,50,0.6209
2024-10-14,66046.125,48,0.6239
2024-10-15,67041.109375,65,0.6452
2024-10-16,67612.71875,73,0.6423
2024-10-17,67399.8359375,71,0.6529
2024-10-18,68418.7890625,73,0.6456
2024-10-19,68362.734375,72,0.6683
2024-10-20,69001.703125,73,0.6688
2024-10-21,67367.8515625,72,0.6721
2024-10-22,67361.40625,70,0.6503
2024-10-23,66432.1953125,71,0.6555
2024-10-24,68161.0546875,69,0.6517
2024-10-25,66642.4140625,72,0.6596
2024-10-27,67929.296875,74,0.6603
2024-10-28,69907.7578125,72,0.6671
2024-10-29,72720.4921875,72,0.6731
2024-10-30,72339.5390625,77,0.6893
2024-10-31,70215.1875,77,0.6848
2024-11-01,69482.46875,75,0.6714
2024-11-02,69289.2734375,72,0.6601
2024-11-03,68741.1171875,74,0.6543
2024-11-04,67811.5078125,70,0.663
2024-11-05,69359.5625,70,0.6573
2024-11-06,75639.078125,70,0.6756
2024-11-07,75904.859375,77,0.6974
2024-11-08,76545.4765625,75,0.6968
2024-11-09,76778.8671875,75,0.6966
2024-11-10,80474.1875,78,0.7052
2024-11-11,88701.484375,76,0.7164
2024-11-12,87955.8125,80,0.7495
2024-11-13,90584.1640625,84,0.7587
2024-11-14,87250.4296875,88,0.7555
2024-11-15,91066.0078125,80,0.7642
2024-11-16,90558.4765625,86,0.7748
2024-11-17,89845.8515625,90,0.776
2024-11-18,90542.640625,83,0.7844
2024-11-19,92343.7890625,90,0.7948
2024-11-20,94339.4921875,83,0.789
2024-11-21,98504.7265625,82,0.792
2024-11-22,98997.6640625,94,0.803
2024-11-23,97777.28125,93,0.8023
2024-11-24,98013.8203125,80,0.7977
2024-11-25,93102.296875,82,0.8114
2024-11-26,91985.3203125,79,0.7872
2024-11-27,95962.53125,75,0.7837
2024-11-28,95652.46875,77,0.7977
2024-11-29,97461.5234375,78,0.789
2024-11-30,96449.0546875,84,0.8136
2024-12-01,97279.7890625,81,0.8111
2024-12-02,95865.3046875,80,0.7893
2024-12-03,96002.1640625,76,0.8024
2024-12-04,98768.53125,78,0.8023
2024-12-05,96593.5703125,84,0.8098
2024-12-06,99920.7109375,72,0.8006
2024-12-07,99923.3359375,75,0.8078
2024-12-08,101236.015625,79,0.8132
2024-12-09,97432.71875,78,0.8216
2024-12-10,96675.4296875,78,0.8084
2024-12-11,101173.03125,74,0.8037
2024-12-12,100043.0,83,0.8121
2024-12-13,101459.2578125,76,0.8267
2024-12-14,101372.96875,83,0.8231
2024-12-15,104298.6953125,80,0.8161
2024-12-16,106029.71875,83,0.8246
2024-12-17,106140.6015625,87,0.8217
2024-12-18,100041.5390625,81,0.8265
2024-12-19,97490.953125,75,0.8144
2024-12-20,97755.9296875,74,0.809
2024-12-21,97224.7265625,73,0.8035
2024-12-22,95104.9375,73,0.8091
2024-12-23,94686.2421875,70,0.7953
2024-12-24,98676.09375,73,0.7902
2024-12-25,99299.1953125,73,0.8067
2024-12-26,95795.515625,79,0.7943
2024-12-27,94164.859375,74,0.7995
2024-12-28,95163.9296875,72,0.7856
2024-12-29,93530.2265625,73,0.7917
